[
    {
        "title": "Hazrat Umar Farooq E Azam",
        "author": "Habib Ashar Dehlvi",
        "description": "A detailed biography of Hazrat Umar Farooq.",
        "image": "Book Covers/Book cover 2.webp"
    },
    {
        "title": "SALADIN",
        "author": "Unknown",
        "description": "A comprehensive account of Saladin's life.",
        "image": "Book Covers/Book cover 1.jpeg"
    },
    {
        "title": "Light in Gaza",
        "author": "Alperen Bayrak",
        "description": "A historical perspective on Gaza.",
        "image": "Book Covers/Book cover 4.jpeg"
    }
]
